year0,orig,dest,da_pb_closed
2015,SSD,SSD,0
2015,UGA,SSD,95852.93
2015,EGY,SSD,1976.57
2015,SDN,SSD,105412.68
2015,ZAF,SSD,16.56
2015,CIV,SSD,0.63
2015,NGA,SSD,416.22
2015,CHN,SSD,1.91
2015,HKG,SSD,0
2015,JPN,SSD,0.04
2015,IDN,SSD,0.59
2015,MYS,SSD,0.23
2015,MMR,SSD,0
2015,PHL,SSD,0
2015,VNM,SSD,0
2015,BGD,SSD,2.03
2015,IND,SSD,731.49
2015,IRN,SSD,0
2015,PAK,SSD,152.42
2015,JOR,SSD,3.87
2015,QAT,SSD,2406.26
2015,SAU,SSD,131577.02
2015,SYR,SSD,0.28
2015,TUR,SSD,2.04
2015,ARE,SSD,12772.26
2015,ROU,SSD,0
2015,RUS,SSD,0.01
2015,UKR,SSD,0
2015,GBR,SSD,4.26
2015,ITA,SSD,8.05
2015,ESP,SSD,0.1
2015,FRA,SSD,24.29
2015,DEU,SSD,0.01
2015,MEX,SSD,0.03
2015,BRA,SSD,0.45
2015,COL,SSD,0
2015,VEN,SSD,0
2015,CAN,SSD,29.8
2015,USA,SSD,8.53
2015,AUS,SSD,750.67
2015,SSD,UGA,599658.42
2015,UGA,UGA,0
2015,EGY,UGA,58.64
2015,SDN,UGA,15621.41
2015,ZAF,UGA,888.81
2015,CIV,UGA,0
2015,NGA,UGA,0
2015,CHN,UGA,51.7
2015,HKG,UGA,0.04
2015,JPN,UGA,0.14
2015,IDN,UGA,0.54
2015,MYS,UGA,0.55
2015,MMR,UGA,0
2015,PHL,UGA,0.02
2015,VNM,UGA,0
2015,BGD,UGA,0.08
2015,IND,UGA,104.45
2015,IRN,UGA,0
2015,PAK,UGA,0
2015,JOR,UGA,0
2015,QAT,UGA,715.32
2015,SAU,UGA,8291.11
2015,SYR,UGA,0.37
2015,TUR,UGA,1.56
2015,ARE,UGA,3243.48
2015,ROU,UGA,0
2015,RUS,UGA,0
2015,UKR,UGA,0
2015,GBR,UGA,82.77
2015,ITA,UGA,115.04
2015,ESP,UGA,0.17
2015,FRA,UGA,61.48
2015,DEU,UGA,0.06
2015,MEX,UGA,0.54
2015,BRA,UGA,1.56
2015,COL,UGA,0.01
2015,VEN,UGA,0.01
2015,CAN,UGA,1271.11
2015,USA,UGA,144.94
2015,AUS,UGA,477.84
2015,SSD,EGY,13335.96
2015,UGA,EGY,456.89
2015,EGY,EGY,0
2015,SDN,EGY,7185.7
2015,ZAF,EGY,2209.59
2015,CIV,EGY,47.35
2015,NGA,EGY,162.47
2015,CHN,EGY,5864.71
2015,HKG,EGY,57.4
2015,JPN,EGY,389.19
2015,IDN,EGY,1666.02
2015,MYS,EGY,357.66
2015,MMR,EGY,0.02
2015,PHL,EGY,1043.47
2015,VNM,EGY,0.03
2015,BGD,EGY,6071.79
2015,IND,EGY,1472.67
2015,IRN,EGY,906.84
2015,PAK,EGY,662.12
2015,JOR,EGY,64573.92
2015,QAT,EGY,26801.43
2015,SAU,EGY,246083.38
2015,SYR,EGY,9099.51
2015,TUR,EGY,2021.06
2015,ARE,EGY,97961.89
2015,ROU,EGY,19.88
2015,RUS,EGY,2223.5
2015,UKR,EGY,3613.4
2015,GBR,EGY,15534.71
2015,ITA,EGY,13845.14
2015,ESP,EGY,1329.2
2015,FRA,EGY,5739.23
2015,DEU,EGY,4153.78
2015,MEX,EGY,410.61
2015,BRA,EGY,1117.97
2015,COL,EGY,1.49
2015,VEN,EGY,19.18
2015,CAN,EGY,8792.1
2015,USA,EGY,19551.88
2015,AUS,EGY,7871.9
2015,SSD,SDN,611188.7
2015,UGA,SDN,14409.08
2015,EGY,SDN,8798.34
2015,SDN,SDN,0
2015,ZAF,SDN,100.98
2015,CIV,SDN,2.8
2015,NGA,SDN,2237.83
2015,CHN,SDN,357.57
2015,HKG,SDN,0.3
2015,JPN,SDN,0.16
2015,IDN,SDN,35.5
2015,MYS,SDN,13.22
2015,MMR,SDN,0.01
2015,PHL,SDN,0.25
2015,VNM,SDN,0
2015,BGD,SDN,11.19
2015,IND,SDN,826.35
2015,IRN,SDN,0
2015,PAK,SDN,187.59
2015,JOR,SDN,13.59
2015,QAT,SDN,4293.52
2015,SAU,SDN,138197.36
2015,SYR,SDN,16.96
2015,TUR,SDN,120.28
2015,ARE,SDN,20489.09
2015,ROU,SDN,0
2015,RUS,SDN,0.03
2015,UKR,SDN,0
2015,GBR,SDN,6.44
2015,ITA,SDN,357.76
2015,ESP,SDN,0.51
2015,FRA,SDN,744.39
2015,DEU,SDN,0.02
2015,MEX,SDN,0.01
2015,BRA,SDN,9.32
2015,COL,SDN,0
2015,VEN,SDN,0.14
2015,CAN,SDN,1146.26
2015,USA,SDN,25.61
2015,AUS,SDN,2069.15
2015,SSD,ZAF,205.2
2015,UGA,ZAF,6426.73
2015,EGY,ZAF,609.24
2015,SDN,ZAF,396.57
2015,ZAF,ZAF,0
2015,CIV,ZAF,79.76
2015,NGA,ZAF,3660.38
2015,CHN,ZAF,1210.33
2015,HKG,ZAF,104.3
2015,JPN,ZAF,169.22
2015,IDN,ZAF,140.18
2015,MYS,ZAF,83.46
2015,MMR,ZAF,111.88
2015,PHL,ZAF,203.16
2015,VNM,ZAF,33.02
2015,BGD,ZAF,61074.29
2015,IND,ZAF,15932.8
2015,IRN,ZAF,111.18
2015,PAK,ZAF,36778.96
2015,JOR,ZAF,2.78
2015,QAT,ZAF,546.81
2015,SAU,ZAF,25135.38
2015,SYR,ZAF,0.33
2015,TUR,ZAF,101.9
2015,ARE,ZAF,1773.65
2015,ROU,ZAF,43.37
2015,RUS,ZAF,78.58
2015,UKR,ZAF,55.28
2015,GBR,ZAF,36245.07
2015,ITA,ZAF,1250.7
2015,ESP,ZAF,145.98
2015,FRA,ZAF,585.79
2015,DEU,ZAF,1484.84
2015,MEX,ZAF,134.72
2015,BRA,ZAF,510.49
2015,COL,ZAF,21.66
2015,VEN,ZAF,60.03
2015,CAN,ZAF,6019.28
2015,USA,ZAF,12694.28
2015,AUS,ZAF,23646.45
2015,SSD,CIV,9.13
2015,UGA,CIV,0
2015,EGY,CIV,59.98
2015,SDN,CIV,26.29
2015,ZAF,CIV,194.51
2015,CIV,CIV,0
2015,NGA,CIV,11865.16
2015,CHN,CIV,34.25
2015,HKG,CIV,0
2015,JPN,CIV,1.11
2015,IDN,CIV,0
2015,MYS,CIV,0
2015,MMR,CIV,0
2015,PHL,CIV,0
2015,VNM,CIV,0
2015,BGD,CIV,0
2015,IND,CIV,8.75
2015,IRN,CIV,0
2015,PAK,CIV,0
2015,JOR,CIV,0
2015,QAT,CIV,55.69
2015,SAU,CIV,0
2015,SYR,CIV,0
2015,TUR,CIV,0.13
2015,ARE,CIV,125.02
2015,ROU,CIV,0
2015,RUS,CIV,0
2015,UKR,CIV,0
2015,GBR,CIV,63.67
2015,ITA,CIV,3012.89
2015,ESP,CIV,73.99
2015,FRA,CIV,13674.84
2015,DEU,CIV,0
2015,MEX,CIV,0.09
2015,BRA,CIV,65.29
2015,COL,CIV,0
2015,VEN,CIV,0.02
2015,CAN,CIV,1382.2
2015,USA,CIV,82.48
2015,AUS,CIV,104.51
2015,SSD,NGA,490.17
2015,UGA,NGA,0
2015,EGY,NGA,249.85
2015,SDN,NGA,2480.85
2015,ZAF,NGA,5006.38
2015,CIV,NGA,7962.83
2015,NGA,NGA,0
2015,CHN,NGA,341.43
2015,HKG,NGA,0
2015,JPN,NGA,335.76
2015,IDN,NGA,0
2015,MYS,NGA,0
2015,MMR,NGA,0
2015,PHL,NGA,0
2015,VNM,NGA,0
2015,BGD,NGA,0
2015,IND,NGA,161.01
2015,IRN,NGA,0
2015,PAK,NGA,0
2015,JOR,NGA,0
2015,QAT,NGA,1031.27
2015,SAU,NGA,0
2015,SYR,NGA,0
2015,TUR,NGA,427.56
2015,ARE,NGA,2815.62
2015,ROU,NGA,0
2015,RUS,NGA,0
2015,UKR,NGA,0
2015,GBR,NGA,32868.82
2015,ITA,NGA,7342.04
2015,ESP,NGA,3931.15
2015,FRA,NGA,232.24
2015,DEU,NGA,0
2015,MEX,NGA,44.8
2015,BRA,NGA,445.9
2015,COL,NGA,0
2015,VEN,NGA,9.84
2015,CAN,NGA,6211.9
2015,USA,NGA,40713.51
2015,AUS,NGA,1268.5
2015,SSD,CHN,41.53
2015,UGA,CHN,964.46
2015,EGY,CHN,376.6
2015,SDN,CHN,277.59
2015,ZAF,CHN,3421.81
2015,CIV,CHN,236.95
2015,NGA,CHN,1515.25
2015,CHN,CHN,0
2015,HKG,CHN,402573.03
2015,JPN,CHN,87582.95
2015,IDN,CHN,2741.8
2015,MYS,CHN,10032.47
2015,MMR,CHN,177329.36
2015,PHL,CHN,4728.53
2015,VNM,CHN,10116.63
2015,BGD,CHN,45069.52
2015,IND,CHN,37360.45
2015,IRN,CHN,404.85
2015,PAK,CHN,11492.14
2015,JOR,CHN,57.24
2015,QAT,CHN,131.64
2015,SAU,CHN,38100.66
2015,SYR,CHN,81.6
2015,TUR,CHN,1493.07
2015,ARE,CHN,128.44
2015,ROU,CHN,233.56
2015,RUS,CHN,3829.19
2015,UKR,CHN,948.99
2015,GBR,CHN,34496.34
2015,ITA,CHN,22773.83
2015,ESP,CHN,18188.73
2015,FRA,CHN,13851.54
2015,DEU,CHN,13801.29
2015,MEX,CHN,1335.72
2015,BRA,CHN,5095.42
2015,COL,CHN,253.57
2015,VEN,CHN,1707.12
2015,CAN,CHN,89196.88
2015,USA,CHN,244022.82
2015,AUS,CHN,66822.13
2015,SSD,HKG,0
2015,UGA,HKG,1.46
2015,EGY,HKG,0
2015,SDN,HKG,0.29
2015,ZAF,HKG,361.22
2015,CIV,HKG,0
2015,NGA,HKG,0
2015,CHN,HKG,441163.44
2015,HKG,HKG,0
2015,JPN,HKG,2873.92
2015,IDN,HKG,32735.42
2015,MYS,HKG,2368.64
2015,MMR,HKG,7.28
2015,PHL,HKG,28699.81
2015,VNM,HKG,1144.37
2015,BGD,HKG,20434.45
2015,IND,HKG,14580.04
2015,IRN,HKG,0.08
2015,PAK,HKG,12262.38
2015,JOR,HKG,2.53
2015,QAT,HKG,2451.78
2015,SAU,HKG,11449.23
2015,SYR,HKG,0
2015,TUR,HKG,5.43
2015,ARE,HKG,6836.36
2015,ROU,HKG,0.78
2015,RUS,HKG,13.78
2015,UKR,HKG,1.46
2015,GBR,HKG,17654.98
2015,ITA,HKG,148.66
2015,ESP,HKG,99.59
2015,FRA,HKG,309.36
2015,DEU,HKG,252.32
2015,MEX,HKG,7.93
2015,BRA,HKG,7.93
2015,COL,HKG,0.58
2015,VEN,HKG,40.12
2015,CAN,HKG,21584.3
2015,USA,HKG,23996.88
2015,AUS,HKG,11688.05
2015,SSD,JPN,1.32
2015,UGA,JPN,39.31
2015,EGY,JPN,947.73
2015,SDN,JPN,4.42
2015,ZAF,JPN,1897.95
2015,CIV,JPN,35.6
2015,NGA,JPN,1112.89
2015,CHN,JPN,395238.67
2015,HKG,JPN,12085.4
2015,JPN,JPN,0
2015,IDN,JPN,43995.52
2015,MYS,JPN,9312.96
2015,MMR,JPN,22372.42
2015,PHL,JPN,129188.81
2015,VNM,JPN,48726.28
2015,BGD,JPN,110126.73
2015,IND,JPN,52191.05
2015,IRN,JPN,2239.72
2015,PAK,JPN,40933.41
2015,JOR,JPN,75.52
2015,QAT,JPN,9612
2015,SAU,JPN,56336.09
2015,SYR,JPN,80.77
2015,TUR,JPN,3506.56
2015,ARE,JPN,26028.17
2015,ROU,JPN,271.39
2015,RUS,JPN,1831.88
2015,UKR,JPN,396.71
2015,GBR,JPN,16514.8
2015,ITA,JPN,3620.1
2015,ESP,JPN,1633.27
2015,FRA,JPN,17771.82
2015,DEU,JPN,2084.62
2015,MEX,JPN,4296.97
2015,BRA,JPN,139199.12
2015,COL,JPN,388.98
2015,VEN,JPN,50.41
2015,CAN,JPN,32411.27
2015,USA,JPN,189912.28
2015,AUS,JPN,51096.11
2015,SSD,IDN,0.78
2015,UGA,IDN,3.39
2015,EGY,IDN,0.71
2015,SDN,IDN,64.6
2015,ZAF,IDN,121.75
2015,CIV,IDN,0
2015,NGA,IDN,0
2015,CHN,IDN,25132.58
2015,HKG,IDN,14517.49
2015,JPN,IDN,5217.72
2015,IDN,IDN,0
2015,MYS,IDN,199276.3
2015,MMR,IDN,89.08
2015,PHL,IDN,206.77
2015,VNM,IDN,2.14
2015,BGD,IDN,100500.92
2015,IND,IDN,12273.79
2015,IRN,IDN,100.8
2015,PAK,IDN,4795.49
2015,JOR,IDN,12.78
2015,QAT,IDN,8003.39
2015,SAU,IDN,38841.52
2015,SYR,IDN,3.02
2015,TUR,IDN,306.94
2015,ARE,IDN,38835.48
2015,ROU,IDN,0.03
2015,RUS,IDN,0.21
2015,UKR,IDN,0.1
2015,GBR,IDN,582.32
2015,ITA,IDN,308.74
2015,ESP,IDN,1.37
2015,FRA,IDN,2
2015,DEU,IDN,2.5
2015,MEX,IDN,18.11
2015,BRA,IDN,89.9
2015,COL,IDN,0.04
2015,VEN,IDN,4.35
2015,CAN,IDN,1577.98
2015,USA,IDN,205.12
2015,AUS,IDN,8581.19
2015,SSD,MYS,0.49
2015,UGA,MYS,22.41
2015,EGY,MYS,62.55
2015,SDN,MYS,40.24
2015,ZAF,MYS,138.87
2015,CIV,MYS,0
2015,NGA,MYS,0
2015,CHN,MYS,5150.87
2015,HKG,MYS,1869.92
2015,JPN,MYS,3428.48
2015,IDN,MYS,329289.46
2015,MYS,MYS,0
2015,MMR,MYS,35920.9
2015,PHL,MYS,42884.9
2015,VNM,MYS,0.72
2015,BGD,MYS,418436.46
2015,IND,MYS,67854.49
2015,IRN,MYS,77.71
2015,PAK,MYS,110039.69
2015,JOR,MYS,235.04
2015,QAT,MYS,12052.15
2015,SAU,MYS,56801.5
2015,SYR,MYS,246.15
2015,TUR,MYS,34.55
2015,ARE,MYS,36493.87
2015,ROU,MYS,0.08
2015,RUS,MYS,0.2
2015,UKR,MYS,0.13
2015,GBR,MYS,8152.28
2015,ITA,MYS,130.08
2015,ESP,MYS,16.77
2015,FRA,MYS,4.33
2015,DEU,MYS,4.82
2015,MEX,MYS,0.51
2015,BRA,MYS,2.24
2015,COL,MYS,0.03
2015,VEN,MYS,2.8
2015,CAN,MYS,2842.55
2015,USA,MYS,936.55
2015,AUS,MYS,16581.36
2015,SSD,MMR,0
2015,UGA,MMR,0
2015,EGY,MMR,0
2015,SDN,MMR,0.01
2015,ZAF,MMR,36.57
2015,CIV,MMR,0
2015,NGA,MMR,0
2015,CHN,MMR,18507.11
2015,HKG,MMR,7.51
2015,JPN,MMR,1288.49
2015,IDN,MMR,132.28
2015,MYS,MMR,37616.59
2015,MMR,MMR,0
2015,PHL,MMR,6.6
2015,VNM,MMR,0.07
2015,BGD,MMR,53067.99
2015,IND,MMR,26029.04
2015,IRN,MMR,0.03
2015,PAK,MMR,7764.39
2015,JOR,MMR,0.01
2015,QAT,MMR,183.64
2015,SAU,MMR,31455.51
2015,SYR,MMR,0
2015,TUR,MMR,0.04
2015,ARE,MMR,11.79
2015,ROU,MMR,0.01
2015,RUS,MMR,0.09
2015,UKR,MMR,0.02
2015,GBR,MMR,49.73
2015,ITA,MMR,44.14
2015,ESP,MMR,0.63
2015,FRA,MMR,0.48
2015,DEU,MMR,0.5
2015,MEX,MMR,0.03
2015,BRA,MMR,0.09
2015,COL,MMR,0
2015,VEN,MMR,0.03
2015,CAN,MMR,927.2
2015,USA,MMR,14751.33
2015,AUS,MMR,3868.47
2015,SSD,PHL,0
2015,UGA,PHL,0.01
2015,EGY,PHL,0
2015,SDN,PHL,0.01
2015,ZAF,PHL,85.39
2015,CIV,PHL,0
2015,NGA,PHL,0
2015,CHN,PHL,4058.57
2015,HKG,PHL,12658.22
2015,JPN,PHL,23339.73
2015,IDN,PHL,435.67
2015,MYS,PHL,28145.16
2015,MMR,PHL,0.12
2015,PHL,PHL,0
2015,VNM,PHL,131.87
2015,BGD,PHL,32.91
2015,IND,PHL,9876.29
2015,IRN,PHL,0
2015,PAK,PHL,2369.81
2015,JOR,PHL,1961.98
2015,QAT,PHL,27059.82
2015,SAU,PHL,119914.29
2015,SYR,PHL,0
2015,TUR,PHL,0.83
2015,ARE,PHL,68396.67
2015,ROU,PHL,0.04
2015,RUS,PHL,0.3
2015,UKR,PHL,0.04
2015,GBR,PHL,15409.79
2015,ITA,PHL,13014.12
2015,ESP,PHL,4058.6
2015,FRA,PHL,1.64
2015,DEU,PHL,162.6
2015,MEX,PHL,69.66
2015,BRA,PHL,54.35
2015,COL,PHL,0.06
2015,VEN,PHL,11.57
2015,CAN,PHL,59301.84
2015,USA,PHL,201498.26
2015,AUS,PHL,25960.67
2015,SSD,VNM,0
2015,UGA,VNM,0
2015,EGY,VNM,0
2015,SDN,VNM,0
2015,ZAF,VNM,120.86
2015,CIV,VNM,0
2015,NGA,VNM,0
2015,CHN,VNM,32219.06
2015,HKG,VNM,4081.22
2015,JPN,VNM,20777.81
2015,IDN,VNM,734.8
2015,MYS,VNM,227.9
2015,MMR,VNM,0.12
2015,PHL,VNM,701.62
2015,VNM,VNM,0
2015,BGD,VNM,33343.42
2015,IND,VNM,1151.84
2015,IRN,VNM,0
2015,PAK,VNM,3.65
2015,JOR,VNM,0
2015,QAT,VNM,0
2015,SAU,VNM,0
2015,SYR,VNM,0
2015,TUR,VNM,0.04
2015,ARE,VNM,0
2015,ROU,VNM,0.01
2015,RUS,VNM,1413
2015,UKR,VNM,1454.29
2015,GBR,VNM,286.89
2015,ITA,VNM,1099.87
2015,ESP,VNM,0.52
2015,FRA,VNM,35183.93
2015,DEU,VNM,13885.36
2015,MEX,VNM,0.46
2015,BRA,VNM,951.87
2015,COL,VNM,0.04
2015,VEN,VNM,1.55
2015,CAN,VNM,50127.95
2015,USA,VNM,345708.92
2015,AUS,VNM,77760.91
2015,SSD,BGD,0
2015,UGA,BGD,0.06
2015,EGY,BGD,1.28
2015,SDN,BGD,0.02
2015,ZAF,BGD,1755.63
2015,CIV,BGD,0
2015,NGA,BGD,0
2015,CHN,BGD,13502.79
2015,HKG,BGD,69.87
2015,JPN,BGD,1677.63
2015,IDN,BGD,13404.42
2015,MYS,BGD,40021.05
2015,MMR,BGD,176740.66
2015,PHL,BGD,0.85
2015,VNM,BGD,1745.67
2015,BGD,BGD,0
2015,IND,BGD,250952.07
2015,IRN,BGD,0
2015,PAK,BGD,726.46
2015,JOR,BGD,1307.85
2015,QAT,BGD,17710.43
2015,SAU,BGD,231682.67
2015,SYR,BGD,0
2015,TUR,BGD,1.91
2015,ARE,BGD,80754.07
2015,ROU,BGD,0.3
2015,RUS,BGD,0.49
2015,UKR,BGD,0.3
2015,GBR,BGD,18090.41
2015,ITA,BGD,5781.03
2015,ESP,BGD,618.77
2015,FRA,BGD,51.17
2015,DEU,BGD,4.58
2015,MEX,BGD,16.46
2015,BRA,BGD,1369.89
2015,COL,BGD,0.29
2015,VEN,BGD,0.31
2015,CAN,BGD,3611.52
2015,USA,BGD,17493.98
2015,AUS,BGD,3033.87
2015,SSD,IND,123.87
2015,UGA,IND,86.37
2015,EGY,IND,0.12
2015,SDN,IND,154.07
2015,ZAF,IND,3396.66
2015,CIV,IND,0.02
2015,NGA,IND,70.56
2015,CHN,IND,11991.85
2015,HKG,IND,1644.68
2015,JPN,IND,2306.95
2015,IDN,IND,464.45
2015,MYS,IND,16478.93
2015,MMR,IND,8638.16
2015,PHL,IND,1437.17
2015,VNM,IND,44.22
2015,BGD,IND,1344045.96
2015,IND,IND,0
2015,IRN,IND,340.03
2015,PAK,IND,905969.48
2015,JOR,IND,27.26
2015,QAT,IND,98016.06
2015,SAU,IND,267568.7
2015,SYR,IND,0.39
2015,TUR,IND,17.25
2015,ARE,IND,352830.72
2015,ROU,IND,0.12
2015,RUS,IND,417.18
2015,UKR,IND,253.21
2015,GBR,IND,72912.96
2015,ITA,IND,10894.2
2015,ESP,IND,2874.08
2015,FRA,IND,4546.65
2015,DEU,IND,6684.5
2015,MEX,IND,148.84
2015,BRA,IND,101.16
2015,COL,IND,20.27
2015,VEN,IND,15.55
2015,CAN,IND,57478.78
2015,USA,IND,190889.55
2015,AUS,IND,40281.57
2015,SSD,IRN,0
2015,UGA,IRN,0
2015,EGY,IRN,1.9
2015,SDN,IRN,0
2015,ZAF,IRN,64.88
2015,CIV,IRN,0
2015,NGA,IRN,0
2015,CHN,IRN,127.28
2015,HKG,IRN,0.05
2015,JPN,IRN,399.42
2015,IDN,IRN,140.32
2015,MYS,IRN,63.54
2015,MMR,IRN,0.02
2015,PHL,IRN,0
2015,VNM,IRN,0
2015,BGD,IRN,0
2015,IND,IRN,465.87
2015,IRN,IRN,0
2015,PAK,IRN,511493.17
2015,JOR,IRN,33.27
2015,QAT,IRN,189.08
2015,SAU,IRN,12020.19
2015,SYR,IRN,37.83
2015,TUR,IRN,5899.69
2015,ARE,IRN,344.1
2015,ROU,IRN,91.7
2015,RUS,IRN,166.82
2015,UKR,IRN,194.91
2015,GBR,IRN,10363.2
2015,ITA,IRN,1398.2
2015,ESP,IRN,0.35
2015,FRA,IRN,80.6
2015,DEU,IRN,9120.62
2015,MEX,IRN,31.24
2015,BRA,IRN,75.58
2015,COL,IRN,1.89
2015,VEN,IRN,6.21
2015,CAN,IRN,14959.63
2015,USA,IRN,37448.4
2015,AUS,IRN,6714.11
2015,SSD,PAK,0.11
2015,UGA,PAK,0
2015,EGY,PAK,0.1
2015,SDN,PAK,0.12
2015,ZAF,PAK,1328.61
2015,CIV,PAK,0
2015,NGA,PAK,0
2015,CHN,PAK,484.07
2015,HKG,PAK,449.23
2015,JPN,PAK,660.75
2015,IDN,PAK,82.3
2015,MYS,PAK,4796.14
2015,MMR,PAK,341.44
2015,PHL,PAK,1.33
2015,VNM,PAK,0
2015,BGD,PAK,6.6
2015,IND,PAK,223641.09
2015,IRN,PAK,9235.83
2015,PAK,PAK,0
2015,JOR,PAK,0.09
2015,QAT,PAK,13437.66
2015,SAU,PAK,163520.27
2015,SYR,PAK,3.19
2015,TUR,PAK,406.62
2015,ARE,PAK,66986.15
2015,ROU,PAK,0
2015,RUS,PAK,7.38
2015,UKR,PAK,9.19
2015,GBR,PAK,33143.1
2015,ITA,PAK,4668.25
2015,ESP,PAK,3362.15
2015,FRA,PAK,1464.95
2015,DEU,PAK,223.84
2015,MEX,PAK,13.39
2015,BRA,PAK,68.12
2015,COL,PAK,0.69
2015,VEN,PAK,0.57
2015,CAN,PAK,11090.06
2015,USA,PAK,20964.41
2015,AUS,PAK,3826.12
2015,SSD,JOR,4.13
2015,UGA,JOR,0
2015,EGY,JOR,218262.04
2015,SDN,JOR,13.7
2015,ZAF,JOR,3.22
2015,CIV,JOR,0
2015,NGA,JOR,0
2015,CHN,JOR,133.55
2015,HKG,JOR,2.68
2015,JPN,JOR,9.24
2015,IDN,JOR,62.12
2015,MYS,JOR,40.62
2015,MMR,JOR,0.02
2015,PHL,JOR,5129.16
2015,VNM,JOR,0
2015,BGD,JOR,26002.52
2015,IND,JOR,57.62
2015,IRN,JOR,59.2
2015,PAK,JOR,0.36
2015,JOR,JOR,0
2015,QAT,JOR,33112.14
2015,SAU,JOR,313784
2015,SYR,JOR,124876.39
2015,TUR,JOR,14238.14
2015,ARE,JOR,89109.05
2015,ROU,JOR,15.57
2015,RUS,JOR,18.73
2015,UKR,JOR,345.31
2015,GBR,JOR,65.03
2015,ITA,JOR,411.92
2015,ESP,JOR,1
2015,FRA,JOR,199.11
2015,DEU,JOR,1275.37
2015,MEX,JOR,1.71
2015,BRA,JOR,180.01
2015,COL,JOR,0
2015,VEN,JOR,97.46
2015,CAN,JOR,1970.03
2015,USA,JOR,316.79
2015,AUS,JOR,978.92
2015,SSD,QAT,231.61
2015,UGA,QAT,12.94
2015,EGY,QAT,21624.02
2015,SDN,QAT,2539.38
2015,ZAF,QAT,11.06
2015,CIV,QAT,0.11
2015,NGA,QAT,388.82
2015,CHN,QAT,24.1
2015,HKG,QAT,29.72
2015,JPN,QAT,78.02
2015,IDN,QAT,4788.33
2015,MYS,QAT,715.63
2015,MMR,QAT,1.62
2015,PHL,QAT,17524.32
2015,VNM,QAT,0
2015,BGD,QAT,195234.33
2015,IND,QAT,101356.94
2015,IRN,QAT,12.34
2015,PAK,QAT,219973.21
2015,JOR,QAT,3809.68
2015,QAT,QAT,0
2015,SAU,QAT,10850.25
2015,SYR,QAT,1516.73
2015,TUR,QAT,669.75
2015,ARE,QAT,7276.01
2015,ROU,QAT,0.31
2015,RUS,QAT,0.74
2015,UKR,QAT,2.27
2015,GBR,QAT,909.21
2015,ITA,QAT,121.09
2015,ESP,QAT,20.07
2015,FRA,QAT,164.51
2015,DEU,QAT,28.42
2015,MEX,QAT,1.71
2015,BRA,QAT,4.71
2015,COL,QAT,0.15
2015,VEN,QAT,2.12
2015,CAN,QAT,291.59
2015,USA,QAT,1001.18
2015,AUS,QAT,361.41
2015,SSD,SAU,958.89
2015,UGA,SAU,209.01
2015,EGY,SAU,158273.63
2015,SDN,SAU,80093.44
2015,ZAF,SAU,113.22
2015,CIV,SAU,0
2015,NGA,SAU,0
2015,CHN,SAU,103.51
2015,HKG,SAU,93.35
2015,JPN,SAU,194.05
2015,IDN,SAU,18016.43
2015,MYS,SAU,1212.21
2015,MMR,SAU,14731.57
2015,PHL,SAU,68730.99
2015,VNM,SAU,0
2015,BGD,SAU,905444.35
2015,IND,SAU,223882.26
2015,IRN,SAU,811.92
2015,PAK,SAU,1069833.29
2015,JOR,SAU,24042.37
2015,QAT,SAU,1976.44
2015,SAU,SAU,0
2015,SYR,SAU,25678.79
2015,TUR,SAU,4278.84
2015,ARE,SAU,7024.19
2015,ROU,SAU,3.47
2015,RUS,SAU,6.84
2015,UKR,SAU,17.38
2015,GBR,SAU,884.74
2015,ITA,SAU,478.31
2015,ESP,SAU,73.11
2015,FRA,SAU,175.03
2015,DEU,SAU,310.41
2015,MEX,SAU,12.87
2015,BRA,SAU,61.9
2015,COL,SAU,8.74
2015,VEN,SAU,109.31
2015,CAN,SAU,3026.4
2015,USA,SAU,2313.84
2015,AUS,SAU,1776.12
2015,SSD,SYR,0.41
2015,UGA,SYR,5.94
2015,EGY,SYR,25820.79
2015,SDN,SYR,34.29
2015,ZAF,SYR,17.22
2015,CIV,SYR,0
2015,NGA,SYR,0
2015,CHN,SYR,121.56
2015,HKG,SYR,0
2015,JPN,SYR,45.51
2015,IDN,SYR,124.2
2015,MYS,SYR,153.23
2015,MMR,SYR,0
2015,PHL,SYR,0
2015,VNM,SYR,0
2015,BGD,SYR,0
2015,IND,SYR,40.92
2015,IRN,SYR,2067.15
2015,PAK,SYR,482.56
2015,JOR,SYR,173108.35
2015,QAT,SYR,3953.6
2015,SAU,SYR,141275.01
2015,SYR,SYR,0
2015,TUR,SYR,215257.7
2015,ARE,SYR,22495.05
2015,ROU,SYR,233.69
2015,RUS,SYR,267.37
2015,UKR,SYR,311.34
2015,GBR,SYR,816.33
2015,ITA,SYR,589.19
2015,ESP,SYR,0
2015,FRA,SYR,2715.17
2015,DEU,SYR,18857.76
2015,MEX,SYR,24.3
2015,BRA,SYR,483.31
2015,COL,SYR,0
2015,VEN,SYR,1130.41
2015,CAN,SYR,4915.33
2015,USA,SYR,155.3
2015,AUS,SYR,1588.51
2015,SSD,TUR,12.62
2015,UGA,TUR,187.82
2015,EGY,TUR,71438.31
2015,SDN,TUR,505.75
2015,ZAF,TUR,1818.04
2015,CIV,TUR,0.29
2015,NGA,TUR,4457.33
2015,CHN,TUR,13717.01
2015,HKG,TUR,53.87
2015,JPN,TUR,527.77
2015,IDN,TUR,2982.72
2015,MYS,TUR,209.35
2015,MMR,TUR,0.09
2015,PHL,TUR,271.02
2015,VNM,TUR,0.04
2015,BGD,TUR,2685.87
2015,IND,TUR,1479.79
2015,IRN,TUR,134712.11
2015,PAK,TUR,197740.14
2015,JOR,TUR,216670.98
2015,QAT,TUR,5173.66
2015,SAU,TUR,399850.28
2015,SYR,TUR,314864.85
2015,TUR,TUR,0
2015,ARE,TUR,45288.27
2015,ROU,TUR,1618.97
2015,RUS,TUR,37731.38
2015,UKR,TUR,9706.76
2015,GBR,TUR,39533.27
2015,ITA,TUR,5688.47
2015,ESP,TUR,2351.18
2015,FRA,TUR,45377.01
2015,DEU,TUR,191135.39
2015,MEX,TUR,566.35
2015,BRA,TUR,880.91
2015,COL,TUR,16.1
2015,VEN,TUR,227.5
2015,CAN,TUR,11622.38
2015,USA,TUR,25262.74
2015,AUS,TUR,13967.94
2015,SSD,ARE,1392.12
2015,UGA,ARE,63.91
2015,EGY,ARE,85506.58
2015,SDN,ARE,11657.82
2015,ZAF,ARE,67.32
2015,CIV,ARE,0.34
2015,NGA,ARE,1193.57
2015,CHN,ARE,13.99
2015,HKG,ARE,68.75
2015,JPN,ARE,114.25
2015,IDN,ARE,28126.03
2015,MYS,ARE,516.02
2015,MMR,ARE,6.23
2015,PHL,ARE,47165.27
2015,VNM,ARE,0
2015,BGD,ARE,509345.24
2015,IND,ARE,382829.87
2015,IRN,ARE,49.94
2015,PAK,ARE,616252.16
2015,JOR,ARE,14936.1
2015,QAT,ARE,3228.68
2015,SAU,ARE,17368.82
2015,SYR,ARE,2843.16
2015,TUR,ARE,3400.54
2015,ARE,ARE,0
2015,ROU,ARE,0.85
2015,RUS,ARE,2.51
2015,UKR,ARE,9.11
2015,GBR,ARE,2889.75
2015,ITA,ARE,299.98
2015,ESP,ARE,73.22
2015,FRA,ARE,1541.03
2015,DEU,ARE,93.39
2015,MEX,ARE,5.41
2015,BRA,ARE,17.74
2015,COL,ARE,0.6
2015,VEN,ARE,6.46
2015,CAN,ARE,2385.95
2015,USA,ARE,2831.17
2015,AUS,ARE,1168.13
2015,SSD,ROU,0
2015,UGA,ROU,20.16
2015,EGY,ROU,39.44
2015,SDN,ROU,0
2015,ZAF,ROU,643.18
2015,CIV,ROU,0
2015,NGA,ROU,0
2015,CHN,ROU,1379.52
2015,HKG,ROU,31.65
2015,JPN,ROU,291.15
2015,IDN,ROU,65.08
2015,MYS,ROU,8.18
2015,MMR,ROU,0.01
2015,PHL,ROU,228.18
2015,VNM,ROU,0
2015,BGD,ROU,1771.97
2015,IND,ROU,330.82
2015,IRN,ROU,686.22
2015,PAK,ROU,1.99
2015,JOR,ROU,143.7
2015,QAT,ROU,65.97
2015,SAU,ROU,193.52
2015,SYR,ROU,302.31
2015,TUR,ROU,3034.31
2015,ARE,ROU,715.69
2015,ROU,ROU,0
2015,RUS,ROU,1056.59
2015,UKR,ROU,1863.61
2015,GBR,ROU,48620.44
2015,ITA,ROU,146324.83
2015,ESP,ROU,100609.67
2015,FRA,ROU,20693.5
2015,DEU,ROU,69955.27
2015,MEX,ROU,754.45
2015,BRA,ROU,3581.39
2015,COL,ROU,18.07
2015,VEN,ROU,89
2015,CAN,ROU,14110.97
2015,USA,ROU,20528.78
2015,AUS,ROU,7092.18
2015,SSD,RUS,0.03
2015,UGA,RUS,5.19
2015,EGY,RUS,2727.77
2015,SDN,RUS,0.11
2015,ZAF,RUS,1181.65
2015,CIV,RUS,0
2015,NGA,RUS,0
2015,CHN,RUS,19420.02
2015,HKG,RUS,105.29
2015,JPN,RUS,4384.42
2015,IDN,RUS,58.6
2015,MYS,RUS,16.89
2015,MMR,RUS,0.12
2015,PHL,RUS,253.56
2015,VNM,RUS,876.34
2015,BGD,RUS,1258.36
2015,IND,RUS,8382.31
2015,IRN,RUS,1784.68
2015,PAK,RUS,4119.22
2015,JOR,RUS,384.85
2015,QAT,RUS,364.05
2015,SAU,RUS,3426.48
2015,SYR,RUS,447.19
2015,TUR,RUS,13542.16
2015,ARE,RUS,836.65
2015,ROU,RUS,3127.53
2015,RUS,RUS,0
2015,UKR,RUS,988729.29
2015,GBR,RUS,7070.3
2015,ITA,RUS,53930.68
2015,ESP,RUS,35468.14
2015,FRA,RUS,46542.74
2015,DEU,RUS,482853.87
2015,MEX,RUS,1529.73
2015,BRA,RUS,633.04
2015,COL,RUS,205.04
2015,VEN,RUS,151.21
2015,CAN,RUS,59109.9
2015,USA,RUS,233047.32
2015,AUS,RUS,23936.71
2015,SSD,UKR,0
2015,UGA,UKR,1.57
2015,EGY,UKR,54.47
2015,SDN,UKR,0
2015,ZAF,UKR,372.93
2015,CIV,UKR,0
2015,NGA,UKR,0
2015,CHN,UKR,4265.47
2015,HKG,UKR,14.1
2015,JPN,UKR,348.97
2015,IDN,UKR,8.53
2015,MYS,UKR,4.46
2015,MMR,UKR,0.04
2015,PHL,UKR,54.45
2015,VNM,UKR,1588.7
2015,BGD,UKR,526.66
2015,IND,UKR,3316.54
2015,IRN,UKR,2252.23
2015,PAK,UKR,3835.1
2015,JOR,UKR,772.51
2015,QAT,UKR,292.29
2015,SAU,UKR,1968.07
2015,SYR,UKR,375.17
2015,TUR,UKR,4468.14
2015,ARE,UKR,709.46
2015,ROU,UKR,1533.65
2015,RUS,UKR,610857.98
2015,UKR,UKR,0
2015,GBR,UKR,7129.88
2015,ITA,UKR,49877.48
2015,ESP,UKR,11512.82
2015,FRA,UKR,4034.12
2015,DEU,UKR,52100.86
2015,MEX,UKR,226.47
2015,BRA,UKR,366.27
2015,COL,UKR,2.02
2015,VEN,UKR,23.4
2015,CAN,UKR,20806.96
2015,USA,UKR,71907.86
2015,AUS,UKR,7268.2
2015,SSD,GBR,6.88
2015,UGA,GBR,697.43
2015,EGY,GBR,15.26
2015,SDN,GBR,13.56
2015,ZAF,GBR,50201.32
2015,CIV,GBR,63.77
2015,NGA,GBR,34496.46
2015,CHN,GBR,29339.56
2015,HKG,GBR,28690.19
2015,JPN,GBR,2664.42
2015,IDN,GBR,533.59
2015,MYS,GBR,8996.88
2015,MMR,GBR,3.7
2015,PHL,GBR,40881.89
2015,VNM,GBR,0.39
2015,BGD,GBR,314608.33
2015,IND,GBR,493428.04
2015,IRN,GBR,44211.36
2015,PAK,GBR,965119.33
2015,JOR,GBR,62.55
2015,QAT,GBR,9389.91
2015,SAU,GBR,47589.11
2015,SYR,GBR,49.83
2015,TUR,GBR,24655.58
2015,ARE,GBR,12859.66
2015,ROU,GBR,150374.02
2015,RUS,GBR,621.52
2015,UKR,GBR,3223.67
2015,GBR,GBR,0
2015,ITA,GBR,143256.13
2015,ESP,GBR,103291.42
2015,FRA,GBR,42939.44
2015,DEU,GBR,37474.32
2015,MEX,GBR,662.32
2015,BRA,GBR,17286.25
2015,COL,GBR,142.7
2015,VEN,GBR,268.38
2015,CAN,GBR,77752.27
2015,USA,GBR,125215.75
2015,AUS,GBR,169240.13
2015,SSD,ITA,114.55
2015,UGA,ITA,896.52
2015,EGY,ITA,48588.14
2015,SDN,ITA,682.66
2015,ZAF,ITA,3611.51
2015,CIV,ITA,12449.25
2015,NGA,ITA,40541.82
2015,CHN,ITA,83258.57
2015,HKG,ITA,182.2
2015,JPN,ITA,2389.8
2015,IDN,ITA,1453.41
2015,MYS,ITA,490.28
2015,MMR,ITA,96.34
2015,PHL,ITA,43501.36
2015,VNM,ITA,636.43
2015,BGD,ITA,185358.15
2015,IND,ITA,113004.58
2015,IRN,ITA,11255.93
2015,PAK,ITA,219178.92
2015,JOR,ITA,813.58
2015,QAT,ITA,7570.37
2015,SAU,ITA,66663.5
2015,SYR,ITA,644.17
2015,TUR,ITA,5528.19
2015,ARE,ITA,18581.7
2015,ROU,ITA,96993.65
2015,RUS,ITA,10167.75
2015,UKR,ITA,24278.9
2015,GBR,ITA,48952.9
2015,ITA,ITA,0
2015,ESP,ITA,26065.73
2015,FRA,ITA,58528.4
2015,DEU,ITA,69847.99
2015,MEX,ITA,4720.56
2015,BRA,ITA,78508.43
2015,COL,ITA,4805.06
2015,VEN,ITA,10984.54
2015,CAN,ITA,33822.7
2015,USA,ITA,59247.23
2015,AUS,ITA,32733.82
2015,SSD,ESP,3.77
2015,UGA,ESP,60.85
2015,EGY,ESP,4.13
2015,SDN,ESP,11.72
2015,ZAF,ESP,1695.72
2015,CIV,ESP,469.56
2015,NGA,ESP,5996.92
2015,CHN,ESP,73046.01
2015,HKG,ESP,204.81
2015,JPN,ESP,774.9
2015,IDN,ESP,237.79
2015,MYS,ESP,123.15
2015,MMR,ESP,0.91
2015,PHL,ESP,20118.68
2015,VNM,ESP,0.39
2015,BGD,ESP,37679.78
2015,IND,ESP,42890.54
2015,IRN,ESP,1.03
2015,PAK,ESP,164848.98
2015,JOR,ESP,1.41
2015,QAT,ESP,2687.13
2015,SAU,ESP,8320.8
2015,SYR,ESP,0
2015,TUR,ESP,1228.41
2015,ARE,ESP,7889.42
2015,ROU,ESP,62262.91
2015,RUS,ESP,9997.38
2015,UKR,ESP,11466.84
2015,GBR,ESP,110761.65
2015,ITA,ESP,74404.58
2015,ESP,ESP,0
2015,FRA,ESP,88070.06
2015,DEU,ESP,36798.52
2015,MEX,ESP,32134.65
2015,BRA,ESP,113195.86
2015,COL,ESP,118734.46
2015,VEN,ESP,175745.97
2015,CAN,ESP,16320.65
2015,USA,ESP,61150.53
2015,AUS,ESP,11974.1
2015,SSD,FRA,732.29
2015,UGA,FRA,873.3
2015,EGY,FRA,12355.84
2015,SDN,FRA,2856.8
2015,ZAF,FRA,1782.31
2015,CIV,FRA,46006.84
2015,NGA,FRA,228.14
2015,CHN,FRA,31078.31
2015,HKG,FRA,329.14
2015,JPN,FRA,1882.35
2015,IDN,FRA,60.05
2015,MYS,FRA,91.99
2015,MMR,FRA,0.55
2015,PHL,FRA,147.82
2015,VNM,FRA,12308.88
2015,BGD,FRA,9514.28
2015,IND,FRA,41540.18
2015,IRN,FRA,290.48
2015,PAK,FRA,74478.31
2015,JOR,FRA,1815.45
2015,QAT,FRA,2665.11
2015,SAU,FRA,30510.25
2015,SYR,FRA,3590.2
2015,TUR,FRA,43061.65
2015,ARE,FRA,10451.09
2015,ROU,FRA,17302.46
2015,RUS,FRA,8046.59
2015,UKR,FRA,3502.41
2015,GBR,FRA,64144.69
2015,ITA,FRA,77579.7
2015,ESP,FRA,61831.48
2015,FRA,FRA,0
2015,DEU,FRA,39594.85
2015,MEX,FRA,1272.18
2015,BRA,FRA,27351.5
2015,COL,FRA,4503.4
2015,VEN,FRA,778.7
2015,CAN,FRA,20523.81
2015,USA,FRA,37639.67
2015,AUS,FRA,8619.4
2015,SSD,DEU,0.02
2015,UGA,DEU,45.85
2015,EGY,DEU,21095.34
2015,SDN,DEU,0.04
2015,ZAF,DEU,8785.12
2015,CIV,DEU,0
2015,NGA,DEU,0
2015,CHN,DEU,77696.04
2015,HKG,DEU,614.79
2015,JPN,DEU,1329.23
2015,IDN,DEU,394.99
2015,MYS,DEU,174.59
2015,MMR,DEU,0.88
2015,PHL,DEU,2581.5
2015,VNM,DEU,12486.45
2015,BGD,DEU,10868.6
2015,IND,DEU,123556.32
2015,IRN,DEU,166564.78
2015,PAK,DEU,218870.11
2015,JOR,DEU,80480.35
2015,QAT,DEU,4904.85
2015,SAU,DEU,118939.14
2015,SYR,DEU,58073.37
2015,TUR,DEU,437597.64
2015,ARE,DEU,22753.37
2015,ROU,DEU,195714.13
2015,RUS,DEU,120634.04
2015,UKR,DEU,31872.7
2015,GBR,DEU,125117.65
2015,ITA,DEU,278240.36
2015,ESP,DEU,128764.69
2015,FRA,DEU,101853
2015,DEU,DEU,0
2015,MEX,DEU,5781.03
2015,BRA,DEU,12686.05
2015,COL,DEU,234.3
2015,VEN,DEU,508.73
2015,CAN,DEU,87524.87
2015,USA,DEU,215419.61
2015,AUS,DEU,91525.02
2015,SSD,MEX,18.75
2015,UGA,MEX,26.93
2015,EGY,MEX,97.07
2015,SDN,MEX,2.58
2015,ZAF,MEX,183.52
2015,CIV,MEX,5.36
2015,NGA,MEX,197.66
2015,CHN,MEX,3753.74
2015,HKG,MEX,71.72
2015,JPN,MEX,1296.68
2015,IDN,MEX,168.43
2015,MYS,MEX,38.1
2015,MMR,MEX,0.04
2015,PHL,MEX,349.97
2015,VNM,MEX,0.32
2015,BGD,MEX,650.53
2015,IND,MEX,1963.93
2015,IRN,MEX,139.47
2015,PAK,MEX,987.48
2015,JOR,MEX,1.93
2015,QAT,MEX,59.68
2015,SAU,MEX,483.6
2015,SYR,MEX,20.54
2015,TUR,MEX,169.84
2015,ARE,MEX,110.98
2015,ROU,MEX,60.06
2015,RUS,MEX,216.23
2015,UKR,MEX,76.23
2015,GBR,MEX,1627.94
2015,ITA,MEX,2651.34
2015,ESP,MEX,7658.49
2015,FRA,MEX,1647.51
2015,DEU,MEX,835.93
2015,MEX,MEX,0
2015,BRA,MEX,6041.9
2015,COL,MEX,7598.81
2015,VEN,MEX,32042.05
2015,CAN,MEX,13931.96
2015,USA,MEX,1373658.95
2015,AUS,MEX,1510.09
2015,SSD,BRA,148.21
2015,UGA,BRA,175.22
2015,EGY,BRA,1034.54
2015,SDN,BRA,45.41
2015,ZAF,BRA,649.34
2015,CIV,BRA,168.01
2015,NGA,BRA,1176.35
2015,CHN,BRA,8742.13
2015,HKG,BRA,8.42
2015,JPN,BRA,21012.33
2015,IDN,BRA,162.53
2015,MYS,BRA,11.19
2015,MMR,BRA,0.11
2015,PHL,BRA,384.87
2015,VNM,BRA,14.9
2015,BGD,BRA,11211.84
2015,IND,BRA,1511.87
2015,IRN,BRA,323.01
2015,PAK,BRA,4012.1
2015,JOR,BRA,535.12
2015,QAT,BRA,162.09
2015,SAU,BRA,2188.49
2015,SYR,BRA,658.82
2015,TUR,BRA,169.04
2015,ARE,BRA,381.55
2015,ROU,BRA,6.47
2015,RUS,BRA,14.32
2015,UKR,BRA,85.02
2015,GBR,BRA,1015.29
2015,ITA,BRA,13398.95
2015,ESP,BRA,13151.39
2015,FRA,BRA,9212.03
2015,DEU,BRA,1457.28
2015,MEX,BRA,1392.56
2015,BRA,BRA,0
2015,COL,BRA,1631.57
2015,VEN,BRA,216304.57
2015,CAN,BRA,5968.93
2015,USA,BRA,45319.68
2015,AUS,BRA,3529.41
2015,SSD,COL,0
2015,UGA,COL,12.8
2015,EGY,COL,0
2015,SDN,COL,0
2015,ZAF,COL,181.77
2015,CIV,COL,0
2015,NGA,COL,0
2015,CHN,COL,1483.28
2015,HKG,COL,55.84
2015,JPN,COL,484.15
2015,IDN,COL,79.64
2015,MYS,COL,9.11
2015,MMR,COL,0.01
2015,PHL,COL,308.85
2015,VNM,COL,0.04
2015,BGD,COL,1301.15
2015,IND,COL,675.42
2015,IRN,COL,5.49
2015,PAK,COL,440.36
2015,JOR,COL,0
2015,QAT,COL,35.15
2015,SAU,COL,295.38
2015,SYR,COL,0
2015,TUR,COL,165.15
2015,ARE,COL,254.88
2015,ROU,COL,23.72
2015,RUS,COL,65.67
2015,UKR,COL,1.79
2015,GBR,COL,1579.97
2015,ITA,COL,11775.52
2015,ESP,COL,54903.79
2015,FRA,COL,6157.68
2015,DEU,COL,295.36
2015,MEX,COL,8010.46
2015,BRA,COL,6127.34
2015,COL,COL,0
2015,VEN,COL,1794440.95
2015,CAN,COL,15392.35
2015,USA,COL,103663.64
2015,AUS,COL,5208.45
2015,SSD,VEN,0.11
2015,UGA,VEN,7.19
2015,EGY,VEN,208.21
2015,SDN,VEN,0.45
2015,ZAF,VEN,1097.24
2015,CIV,VEN,0.02
2015,NGA,VEN,37.4
2015,CHN,VEN,7516.51
2015,HKG,VEN,347.37
2015,JPN,VEN,125.1
2015,IDN,VEN,62.81
2015,MYS,VEN,17.73
2015,MMR,VEN,0.05
2015,PHL,VEN,252.24
2015,VNM,VEN,1.24
2015,BGD,VEN,1257.22
2015,IND,VEN,604.29
2015,IRN,VEN,60.84
2015,PAK,VEN,68.95
2015,JOR,VEN,514.39
2015,QAT,VEN,98.45
2015,SAU,VEN,3204.16
2015,SYR,VEN,1339.39
2015,TUR,VEN,240.37
2015,ARE,VEN,364.61
2015,ROU,VEN,202.79
2015,RUS,VEN,70.16
2015,UKR,VEN,24.75
2015,GBR,VEN,1774.7
2015,ITA,VEN,32154.02
2015,ESP,VEN,50915.72
2015,FRA,VEN,5478.26
2015,DEU,VEN,688.73
2015,MEX,VEN,6349.57
2015,BRA,VEN,18408.59
2015,COL,VEN,201877.02
2015,VEN,VEN,0
2015,CAN,VEN,11389.1
2015,USA,VEN,45750.06
2015,AUS,VEN,4153.82
2015,SSD,CAN,355.26
2015,UGA,CAN,11101.51
2015,EGY,CAN,27017.66
2015,SDN,CAN,2542.02
2015,ZAF,CAN,15858.06
2015,CIV,CAN,7079.72
2015,NGA,CAN,28547.28
2015,CHN,CAN,165903.76
2015,HKG,CAN,54874.27
2015,JPN,CAN,6356.69
2015,IDN,CAN,4886.33
2015,MYS,CAN,3992.04
2015,MMR,CAN,2404.78
2015,PHL,CAN,232482.64
2015,VNM,CAN,18927.62
2015,BGD,CAN,104334.85
2015,IND,CAN,551964.41
2015,IRN,CAN,90095.4
2015,PAK,CAN,486729.97
2015,JOR,CAN,7128.45
2015,QAT,CAN,23661.92
2015,SAU,CAN,182026.9
2015,SYR,CAN,7203.62
2015,TUR,CAN,10303.8
2015,ARE,CAN,65800.4
2015,ROU,CAN,8870.6
2015,RUS,CAN,8311.45
2015,UKR,CAN,8203.74
2015,GBR,CAN,101256.34
2015,ITA,CAN,31541
2015,ESP,CAN,3044.9
2015,FRA,CAN,18375.13
2015,DEU,CAN,17872.01
2015,MEX,CAN,19661.25
2015,BRA,CAN,24233.25
2015,COL,CAN,8865.82
2015,VEN,CAN,3382.94
2015,CAN,CAN,0
2015,USA,CAN,164533.59
2015,AUS,CAN,15702.47
2015,SSD,USA,534.71
2015,UGA,USA,2020.78
2015,EGY,USA,87869.43
2015,SDN,USA,1185.57
2015,ZAF,USA,58349.52
2015,CIV,USA,108.31
2015,NGA,USA,157119.53
2015,CHN,USA,726766.73
2015,HKG,USA,89632.04
2015,JPN,USA,80557.84
2015,IDN,USA,3137.43
2015,MYS,USA,4644.13
2015,MMR,USA,54611.27
2015,PHL,USA,685057.69
2015,VNM,USA,149287.67
2015,BGD,USA,494158.45
2015,IND,USA,1743134.77
2015,IRN,USA,191249.75
2015,PAK,USA,1099449.65
2015,JOR,USA,534.51
2015,QAT,USA,66572.08
2015,SAU,USA,411460.62
2015,SYR,USA,143.04
2015,TUR,USA,37403.94
2015,ARE,USA,104251.9
2015,ROU,USA,20083.46
2015,RUS,USA,43074.4
2015,UKR,USA,39978.22
2015,GBR,USA,389155.59
2015,ITA,USA,78428.24
2015,ESP,USA,47639.43
2015,FRA,USA,57072.52
2015,DEU,USA,155214.59
2015,MEX,USA,2519677.52
2015,BRA,USA,375005.68
2015,COL,USA,99573.8
2015,VEN,USA,160971.65
2015,CAN,USA,217331.25
2015,USA,USA,0
2015,AUS,USA,33638.56
2015,SSD,AUS,2944.34
2015,UGA,AUS,3050.33
2015,EGY,AUS,14029.97
2015,SDN,AUS,2549.99
2015,ZAF,AUS,39853.51
2015,CIV,AUS,83.98
2015,NGA,AUS,4380.41
2015,CHN,AUS,164563.76
2015,HKG,AUS,19978.06
2015,JPN,AUS,9854.98
2015,IDN,AUS,25134.22
2015,MYS,AUS,23242.8
2015,MMR,AUS,10331.09
2015,PHL,AUS,87891.21
2015,VNM,AUS,26691.67
2015,BGD,AUS,123788.59
2015,IND,AUS,442928.48
2015,IRN,AUS,32428.7
2015,PAK,AUS,261292.83
2015,JOR,AUS,2769.94
2015,QAT,AUS,14517.97
2015,SAU,AUS,97369.35
2015,SYR,AUS,2377.17
2015,TUR,AUS,5569.94
2015,ARE,AUS,33237.03
2015,ROU,AUS,1613.67
2015,RUS,AUS,2969.2
2015,UKR,AUS,1657.16
2015,GBR,AUS,161238.51
2015,ITA,AUS,23882.72
2015,ESP,AUS,3232.28
2015,FRA,AUS,5918.27
2015,DEU,AUS,13611.92
2015,MEX,AUS,2724.73
2015,BRA,AUS,31937.23
2015,COL,AUS,8906.51
2015,VEN,AUS,887.7
2015,CAN,AUS,13750.14
2015,USA,AUS,19851.44
2015,AUS,AUS,0
